{"cameraMode":{"drawMode":0,"name":"Shaded","section":"Shading Mode"},"sceneLighting":true,"audioPlay":false,"sceneViewState":{"m_AlwaysRefresh":false,"showFog":true,"showSkybox":false,"showFlares":true,"showImageEffects":true,"showParticleSystems":true,"showVisualEffectGraphs":true,"m_FxEnabled":true},"in2DMode":false,"pivot":{"x":-0.5444254875183106,"y":1.7872904539108277,"z":0.7625686526298523},"rotation":{"x":-0.005770417395979166,"y":-0.07055077701807022,"z":-0.00029309047386050224,"w":0.9974929690361023},"size":1.7784708738327027,"orthographic":false}