{"cameraMode":{"drawMode":0,"name":"Shaded","section":"Shading Mode"},"sceneLighting":true,"audioPlay":false,"sceneViewState":{"m_AlwaysRefresh":false,"showFog":true,"showSkybox":false,"showFlares":true,"showImageEffects":true,"showParticleSystems":true,"showVisualEffectGraphs":true,"m_FxEnabled":true},"in2DMode":false,"pivot":{"x":-0.8445996642112732,"y":0.01675601303577423,"z":0.5764246582984924},"rotation":{"x":-0.13777127861976624,"y":0.7779940366744995,"z":-0.18323716521263123,"w":-0.5849527716636658},"size":2.8846359252929689,"orthographic":false}